title,year,url
Der Filmbote,1922,http://anno.onb.ac.at/cgi-content/anno?aid=fib&datum=1922&zoom=33
Der Filmbote,1923,http://anno.onb.ac.at/cgi-content/anno?aid=fib&datum=1923&zoom=33
Der Filmbote,1924,http://anno.onb.ac.at/cgi-content/anno?aid=fib&datum=1924&zoom=33
Der Filmbote,1925,http://anno.onb.ac.at/cgi-content/anno?aid=fib&datum=1925&zoom=33
Der Filmbote,1926,http://anno.onb.ac.at/cgi-content/anno?aid=fib&datum=1926&zoom=33
Die Filmwelt. Illustrierte Kino Revue.,1919,http://anno.onb.ac.at./anno-plus?aid=fwt&datum=1919&size=45
Die Filmwelt. Illustrierte Kino Revue.,1921,http://anno.onb.ac.at./anno-plus?aid=fwt&datum=1921&size=45
Die Filmwelt. Illustrierte Kino Revue.,1922,http://anno.onb.ac.at./anno-plus?aid=fwt&datum=1922&size=45
Die Filmwelt. Illustrierte Kino Revue.,1923,http://anno.onb.ac.at./anno-plus?aid=fwt&datum=1923&size=45
Die Filmwelt. Illustrierte Kino Revue.,1924,http://anno.onb.ac.at./anno-plus?aid=fwt&datum=1924&size=45
Die Filmwelt. Illustrierte Kino Revue.,1925,http://anno.onb.ac.at./anno-plus?aid=fwt&datum=1925&size=45
Illustrierter Film-Kurier,1934,http://anno.onb.ac.at./anno-plus?aid=fik&datum=1934&size=45
Illustrierter Film-Kurier,1935,http://anno.onb.ac.at./anno-plus?aid=fik&datum=1935&size=45
Illustrierter Film-Kurier,1936,http://anno.onb.ac.at./anno-plus?aid=fik&datum=1936&size=45
Kinematographische Rundschau,1907,http://anno.onb.ac.at/cgi-content/anno?aid=kir&datum=1907&zoom=33
Kinematographische Rundschau,1908,http://anno.onb.ac.at/cgi-content/anno?aid=kir&datum=1908&zoom=33
Kinematographische Rundschau,1909,http://anno.onb.ac.at/cgi-content/anno?aid=kir&datum=1909&zoom=33
Kinematographische Rundschau,1910,http://anno.onb.ac.at/cgi-content/anno?aid=kir&datum=1910&zoom=33
Kinematographische Rundschau,1911,http://anno.onb.ac.at/cgi-content/anno?aid=kir&datum=1911&zoom=33
Kinematographische Rundschau,1912,http://anno.onb.ac.at/cgi-content/anno?aid=kir&datum=1912&zoom=33
Kinematographische Rundschau,1913,http://anno.onb.ac.at/cgi-content/anno?aid=kir&datum=1913&zoom=33
Kinematographische Rundschau,1914,http://anno.onb.ac.at/cgi-content/anno?aid=kir&datum=1914&zoom=33
Kinematographische Rundschau,1915,http://anno.onb.ac.at/cgi-content/anno?aid=kir&datum=1915&zoom=33
Kinematographische Rundschau,1916,http://anno.onb.ac.at/cgi-content/anno?aid=kir&datum=1916&zoom=33
Kinematographische Rundschau,1917,http://anno.onb.ac.at/cgi-content/anno?aid=kir&datum=1917&zoom=33
Das Kino-Journal,1922,http://anno.onb.ac.at/cgi-content/anno?aid=dkj&datum=1922&zoom=33
Das Kino-Journal,1923,http://anno.onb.ac.at/cgi-content/anno?aid=dkj&datum=1923&zoom=33
Das Kino-Journal,1924,http://anno.onb.ac.at/cgi-content/anno?aid=dkj&datum=1924&zoom=33
Das Kino-Journal,1925,http://anno.onb.ac.at/cgi-content/anno?aid=dkj&datum=1925&zoom=33
Das Kino-Journal,1926,http://anno.onb.ac.at/cgi-content/anno?aid=dkj&datum=1926&zoom=33
Das Kino-Journal,1927,http://anno.onb.ac.at/cgi-content/anno?aid=dkj&datum=1927&zoom=33
Das Kino-Journal,1928,http://anno.onb.ac.at/cgi-content/anno?aid=dkj&datum=1928&zoom=33
Das Kino-Journal,1929,http://anno.onb.ac.at/cgi-content/anno?aid=dkj&datum=1929&zoom=33
Das Kino-Journal,1930,http://anno.onb.ac.at/cgi-content/anno?aid=dkj&datum=1930&zoom=33
Das Kino-Journal,1931,http://anno.onb.ac.at/cgi-content/anno?aid=dkj&datum=1931&zoom=33
Das Kino-Journal,1932,http://anno.onb.ac.at/cgi-content/anno?aid=dkj&datum=1932&zoom=33
Das Kino-Journal,1933,http://anno.onb.ac.at/cgi-content/anno?aid=dkj&datum=1933&zoom=33
Das Kino-Journal,1934,http://anno.onb.ac.at/cgi-content/anno?aid=dkj&datum=1934&zoom=33
Das Kino-Journal,1935,http://anno.onb.ac.at/cgi-content/anno?aid=dkj&datum=1935&zoom=33
Das Kino-Journal,1936,http://anno.onb.ac.at/cgi-content/anno?aid=dkj&datum=1936&zoom=33
Das Kino-Journal,1937,http://anno.onb.ac.at/cgi-content/anno?aid=dkj&datum=1937&zoom=33
Das Kino-Journal,1938,http://anno.onb.ac.at/cgi-content/anno?aid=dkj&datum=1938&zoom=33
Das Kino-Journal,1939,http://anno.onb.ac.at/cgi-content/anno?aid=dkj&datum=1939&zoom=33
Der Kinobesitzer,1917,http://anno.onb.ac.at/cgi-content/anno?aid=kib&datum=1917&zoom=33
Der Kinobesitzer,1918,http://anno.onb.ac.at/cgi-content/anno?aid=kib&datum=1918&zoom=33
Der Kinobesitzer,1919,http://anno.onb.ac.at/cgi-content/anno?aid=kib&datum=1919&zoom=33
Die Kinowoche,1919,http://anno.onb.ac.at./anno-plus?aid=dkw&datum=1919&size=45
Die Kinowoche,1920,http://anno.onb.ac.at./anno-plus?aid=dkw&datum=1920&size=45
Die Kinowoche,1921,http://anno.onb.ac.at./anno-plus?aid=dkw&datum=1921&size=45
Die Kinowoche,1922,http://anno.onb.ac.at./anno-plus?aid=dkw&datum=1922&size=45
Neue Kino-Rundschau,1917,http://anno.onb.ac.at/cgi-content/anno?aid=nkr&datum=1917&zoom=33
Neue Kino-Rundschau,1918,http://anno.onb.ac.at/cgi-content/anno?aid=nkr&datum=1918&zoom=33
Neue Kino-Rundschau,1919,http://anno.onb.ac.at/cgi-content/anno?aid=nkr&datum=1919&zoom=33
Neue Kino-Rundschau,1920,http://anno.onb.ac.at/cgi-content/anno?aid=nkr&datum=1920&zoom=33
Neue Kino-Rundschau,1921,http://anno.onb.ac.at/cgi-content/anno?aid=nkr&datum=1921&zoom=33
Österreichische Film-Zeitung,1927,http://anno.onb.ac.at/cgi-content/anno?aid=fil&datum=1927&zoom=33
Österreichische Film-Zeitung,1928,http://anno.onb.ac.at/cgi-content/anno?aid=fil&datum=1928&zoom=33
Österreichische Film-Zeitung,1929,http://anno.onb.ac.at/cgi-content/anno?aid=fil&datum=1929&zoom=33
Österreichische Film-Zeitung,1930,http://anno.onb.ac.at/cgi-content/anno?aid=fil&datum=1930&zoom=33
Österreichische Film-Zeitung,1931,http://anno.onb.ac.at/cgi-content/anno?aid=fil&datum=1931&zoom=33
Österreichische Film-Zeitung,1932,http://anno.onb.ac.at/cgi-content/anno?aid=fil&datum=1932&zoom=33
Österreichische Film-Zeitung,1933,http://anno.onb.ac.at/cgi-content/anno?aid=fil&datum=1933&zoom=33
Österreichische Film-Zeitung,1934,http://anno.onb.ac.at/cgi-content/anno?aid=fil&datum=1934&zoom=33
Österreichische Film-Zeitung,1935,http://anno.onb.ac.at/cgi-content/anno?aid=fil&datum=1935&zoom=33
Österreichische Film-Zeitung,1936,http://anno.onb.ac.at/cgi-content/anno?aid=fil&datum=1936&zoom=33
Österreichische Film-Zeitung,1937,http://anno.onb.ac.at/cgi-content/anno?aid=fil&datum=1937&zoom=33
Österreichische Film-Zeitung,1938,http://anno.onb.ac.at/cgi-content/anno?aid=fil&datum=1938&zoom=33
